"filename", "language", "XMake", "JSON", "Lua", "Markdown", "C++", "YAML", "comment", "blank", "total"
"f:\Project\levilamina\1.4.x\CFSP\.github\ISSUE_TEMPLATE\bug_report.yml", "YAML", 0, 0, 0, 0, 0, 47, 0, 9, 56
"f:\Project\levilamina\1.4.x\CFSP\.github\ISSUE_TEMPLATE\feature_request.yml", "YAML", 0, 0, 0, 0, 0, 25, 0, 4, 29
"f:\Project\levilamina\1.4.x\CFSP\.github\PULL_REQUEST_TEMPLATE.md", "Markdown", 0, 0, 0, 10, 0, 0, 0, 9, 19
"f:\Project\levilamina\1.4.x\CFSP\.github\workflows\build.yml", "YAML", 0, 0, 0, 0, 0, 34, 10, 12, 56
"f:\Project\levilamina\1.4.x\CFSP\.github\workflows\release.yml", "YAML", 0, 0, 0, 0, 0, 68, 0, 17, 85
"f:\Project\levilamina\1.4.x\CFSP\CHANGELOG.md", "Markdown", 0, 0, 0, 87, 0, 0, 0, 58, 145
"f:\Project\levilamina\1.4.x\CFSP\CHANGELOG_ZH.md", "Markdown", 0, 0, 0, 90, 0, 0, 0, 61, 151
"f:\Project\levilamina\1.4.x\CFSP\README.md", "Markdown", 0, 0, 0, 14, 0, 0, 0, 12, 26
"f:\Project\levilamina\1.4.x\CFSP\manifest.json", "JSON", 0, 7, 0, 0, 0, 0, 0, 0, 7
"f:\Project\levilamina\1.4.x\CFSP\scripts\after_build.lua", "Lua", 0, 0, 105, 0, 0, 0, 1, 19, 125
"f:\Project\levilamina\1.4.x\CFSP\src\cfsp\CFSP.cpp", "C++", 0, 0, 0, 0, 21, 0, 1, 8, 30
"f:\Project\levilamina\1.4.x\CFSP\src\cfsp\CFSP.h", "C++", 0, 0, 0, 0, 15, 0, 6, 14, 35
"f:\Project\levilamina\1.4.x\CFSP\src\cfsp\Config.h", "C++", 0, 0, 0, 0, 28, 0, 0, 6, 34
"f:\Project\levilamina\1.4.x\CFSP\src\cfsp\MemoryOperators.cpp", "C++", 0, 0, 0, 0, 2, 0, 2, 3, 7
"f:\Project\levilamina\1.4.x\CFSP\src\cfsp\PermissionConfig.h", "C++", 0, 0, 0, 0, 39, 0, 0, 3, 42
"f:\Project\levilamina\1.4.x\CFSP\src\cfsp\base\Macros.h", "C++", 0, 0, 0, 0, 6, 0, 0, 2, 8
"f:\Project\levilamina\1.4.x\CFSP\src\cfsp\base\OperateResult.h", "C++", 0, 0, 0, 0, 35, 0, 0, 8, 43
"f:\Project\levilamina\1.4.x\CFSP\src\cfsp\base\Schedule.h", "C++", 0, 0, 0, 0, 17, 0, 0, 5, 22
"f:\Project\levilamina\1.4.x\CFSP\src\cfsp\base\Utils.cpp", "C++", 0, 0, 0, 0, 45, 0, 0, 6, 51
"f:\Project\levilamina\1.4.x\CFSP\src\cfsp\base\Utils.h", "C++", 0, 0, 0, 0, 9, 0, 0, 6, 15
"f:\Project\levilamina\1.4.x\CFSP\src\cfsp\core\fix\CFSPFixManager.cpp", "C++", 0, 0, 0, 0, 122, 0, 10, 11, 143
"f:\Project\levilamina\1.4.x\CFSP\src\cfsp\core\fix\CFSPFixManager.h", "C++", 0, 0, 0, 0, 11, 0, 0, 1, 12
"f:\Project\levilamina\1.4.x\CFSP\src\cfsp\core\group\CFSPGroup.cpp", "C++", 0, 0, 0, 0, 15, 0, 0, 2, 17
"f:\Project\levilamina\1.4.x\CFSP\src\cfsp\core\group\CFSPGroup.h", "C++", 0, 0, 0, 0, 13, 0, 0, 4, 17
"f:\Project\levilamina\1.4.x\CFSP\src\cfsp\core\group\GroupData.h", "C++", 0, 0, 0, 0, 14, 0, 0, 2, 16
"f:\Project\levilamina\1.4.x\CFSP\src\cfsp\core\group\GroupPermission.h", "C++", 0, 0, 0, 0, 5, 0, 0, 0, 5
"f:\Project\levilamina\1.4.x\CFSP\src\cfsp\core\helper\CFSPAutoFuncHelper.cpp", "C++", 0, 0, 0, 0, 73, 0, 0, 3, 76
"f:\Project\levilamina\1.4.x\CFSP\src\cfsp\core\helper\CFSPHelperManager.cpp", "C++", 0, 0, 0, 0, 13, 0, 0, 2, 15
"f:\Project\levilamina\1.4.x\CFSP\src\cfsp\core\helper\CFSPHelperManager.h", "C++", 0, 0, 0, 0, 18, 0, 0, 5, 23
"f:\Project\levilamina\1.4.x\CFSP\src\cfsp\core\helper\CFSPOperateHelper.cpp", "C++", 0, 0, 0, 0, 46, 0, 0, 3, 49
"f:\Project\levilamina\1.4.x\CFSP\src\cfsp\core\helper\CFSPSaveHelper.cpp", "C++", 0, 0, 0, 0, 153, 0, 0, 7, 160
"f:\Project\levilamina\1.4.x\CFSP\src\cfsp\core\helper\CFSPSchduleHelper.cpp", "C++", 0, 0, 0, 0, 11, 0, 0, 3, 14
"f:\Project\levilamina\1.4.x\CFSP\src\cfsp\core\helper\CacheUUidName.cpp", "C++", 0, 0, 0, 0, 0, 0, 0, 1, 1
"f:\Project\levilamina\1.4.x\CFSP\src\cfsp\core\manager\CFSPManager.cpp", "C++", 0, 0, 0, 0, 265, 0, 5, 29, 299
"f:\Project\levilamina\1.4.x\CFSP\src\cfsp\core\manager\CFSPManager.h", "C++", 0, 0, 0, 0, 143, 0, 0, 14, 157
"f:\Project\levilamina\1.4.x\CFSP\src\cfsp\core\manager\CFSPManagerGroup.cpp", "C++", 0, 0, 0, 0, 38, 0, 0, 5, 43
"f:\Project\levilamina\1.4.x\CFSP\src\cfsp\core\manager\CFSPManagerSp.cpp", "C++", 0, 0, 0, 0, 396, 0, 13, 25, 434
"f:\Project\levilamina\1.4.x\CFSP\src\cfsp\core\manager\CFSPManagerSpInv.cpp", "C++", 0, 0, 0, 0, 45, 0, 0, 3, 48
"f:\Project\levilamina\1.4.x\CFSP\src\cfsp\core\manager\CFSPManagerSpMessage.cpp", "C++", 0, 0, 0, 0, 27, 0, 0, 2, 29
"f:\Project\levilamina\1.4.x\CFSP\src\cfsp\core\manager\CFSPManagerSpMove.cpp", "C++", 0, 0, 0, 0, 45, 0, 0, 3, 48
"f:\Project\levilamina\1.4.x\CFSP\src\cfsp\core\manager\CFSPManagerSpOperate.cpp", "C++", 0, 0, 0, 0, 57, 0, 0, 3, 60
"f:\Project\levilamina\1.4.x\CFSP\src\cfsp\core\manager\CFSPManagerSpStatus.cpp", "C++", 0, 0, 0, 0, 30, 0, 0, 2, 32
"f:\Project\levilamina\1.4.x\CFSP\src\cfsp\core\simPlayer\SimPlayer.cpp", "C++", 0, 0, 0, 0, 152, 0, 4, 21, 177
"f:\Project\levilamina\1.4.x\CFSP\src\cfsp\core\simPlayer\SimPlayer.h", "C++", 0, 0, 0, 0, 71, 0, 0, 10, 81
"f:\Project\levilamina\1.4.x\CFSP\src\cfsp\core\simPlayer\SimPlayerBase.cpp", "C++", 0, 0, 0, 0, 35, 0, 0, 8, 43
"f:\Project\levilamina\1.4.x\CFSP\src\cfsp\core\simPlayer\SimPlayerInv.cpp", "C++", 0, 0, 0, 0, 99, 0, 0, 6, 105
"f:\Project\levilamina\1.4.x\CFSP\src\cfsp\core\simPlayer\SimPlayerMessage.cpp", "C++", 0, 0, 0, 0, 35, 0, 0, 2, 37
"f:\Project\levilamina\1.4.x\CFSP\src\cfsp\core\simPlayer\SimPlayerMove.cpp", "C++", 0, 0, 0, 0, 33, 0, 0, 3, 36
"f:\Project\levilamina\1.4.x\CFSP\src\cfsp\core\simPlayer\SimPlayerOperate.cpp", "C++", 0, 0, 0, 0, 154, 0, 1, 7, 162
"f:\Project\levilamina\1.4.x\CFSP\src\cfsp\core\simPlayer\SimPlayerPermission.h", "C++", 0, 0, 0, 0, 31, 0, 0, 1, 32
"f:\Project\levilamina\1.4.x\CFSP\src\cfsp\core\simPlayer\SimPlayerSave.cpp", "C++", 0, 0, 0, 0, 59, 0, 0, 4, 63
"f:\Project\levilamina\1.4.x\CFSP\src\cfsp\core\simPlayer\SimPlayerSaveData.h", "C++", 0, 0, 0, 0, 21, 0, 0, 3, 24
"f:\Project\levilamina\1.4.x\CFSP\src\cfsp\core\simPlayer\SimPlayerStatus.cpp", "C++", 0, 0, 0, 0, 56, 0, 0, 4, 60
"f:\Project\levilamina\1.4.x\CFSP\src\cfsp\entrance\command\ComandManager.cpp", "C++", 0, 0, 0, 0, 68, 0, 3, 8, 79
"f:\Project\levilamina\1.4.x\CFSP\src\cfsp\entrance\command\ComandManager.h", "C++", 0, 0, 0, 0, 19, 0, 1, 5, 25
"f:\Project\levilamina\1.4.x\CFSP\src\cfsp\entrance\command\GroupCommand.cpp", "C++", 0, 0, 0, 0, 7, 0, 1, 1, 9
"f:\Project\levilamina\1.4.x\CFSP\src\cfsp\entrance\command\GuiCommand.cpp", "C++", 0, 0, 0, 0, 40, 0, 3, 4, 47
"f:\Project\levilamina\1.4.x\CFSP\src\cfsp\entrance\command\SpCommand.cpp", "C++", 0, 0, 0, 0, 492, 0, 15, 23, 530
"f:\Project\levilamina\1.4.x\CFSP\src\cfsp\entrance\gui\GuiManager.cpp", "C++", 0, 0, 0, 0, 182, 0, 0, 12, 194
"f:\Project\levilamina\1.4.x\CFSP\src\cfsp\entrance\gui\GuiManager.h", "C++", 0, 0, 0, 0, 65, 0, 0, 6, 71
"f:\Project\levilamina\1.4.x\CFSP\src\cfsp\entrance\gui\OperateGroupGui.cpp", "C++", 0, 0, 0, 0, 5, 0, 0, 2, 7
"f:\Project\levilamina\1.4.x\CFSP\src\cfsp\entrance\gui\OperateSpGui.cpp", "C++", 0, 0, 0, 0, 689, 0, 0, 51, 740
"f:\Project\levilamina\1.4.x\CFSP\src\lang\en_US.json", "JSON", 0, 7, 0, 0, 0, 0, 0, 0, 7
"f:\Project\levilamina\1.4.x\CFSP\src\lang\zh_CN.json", "JSON", 0, 213, 0, 0, 0, 0, 0, 0, 213
"f:\Project\levilamina\1.4.x\CFSP\tooth.json", "JSON", 0, 26, 0, 0, 0, 0, 0, 0, 26
"f:\Project\levilamina\1.4.x\CFSP\xmake.lua", "XMake", 59, 0, 0, 0, 0, 0, 3, 8, 70
"Total", "-", 59, 253, 105, 201, 4070, 174, 79, 581, 5522